{"cameraMode":{"drawMode":0,"name":"Shaded","section":"Shading Mode"},"sceneLighting":true,"audioPlay":false,"sceneViewState":{"m_AlwaysRefresh":false,"showFog":true,"showSkybox":true,"showFlares":true,"showImageEffects":true,"showParticleSystems":true,"showVisualEffectGraphs":true,"m_FxEnabled":false},"in2DMode":false,"pivot":{"x":14.522599220275879,"y":27.34494400024414,"z":-141.00535583496095},"rotation":{"x":-0.19239632785320283,"y":0.6821559071540833,"z":-0.19342592358589173,"w":-0.6784746646881104},"size":13.608617782592774,"orthographic":false}