{"cameraMode":{"drawMode":0,"name":"Shaded","section":"Shading Mode"},"sceneLighting":true,"audioPlay":false,"sceneViewState":{"m_AlwaysRefresh":false,"showFog":true,"showSkybox":true,"showFlares":true,"showImageEffects":true,"showParticleSystems":true,"showVisualEffectGraphs":true,"m_FxEnabled":false},"in2DMode":false,"pivot":{"x":-7.982868194580078,"y":19.48674964904785,"z":-139.02745056152345},"rotation":{"x":-0.1822914034128189,"y":0.003540924284607172,"z":-0.000660319288726896,"w":-0.9832912087440491},"size":13.608617782592774,"orthographic":false}